<?xml version="1.0" encoding="UTF-8"?>
<project-private xmlns="http://www.netbeans.org/ns/project-private/1">
    <editor-bookmarks xmlns="http://www.netbeans.org/ns/editor-bookmarks/1"/>
    <editor-bookmarks xmlns="http://www.netbeans.org/ns/editor-bookmarks/2" lastBookmarkId="0"/>
    <open-files xmlns="http://www.netbeans.org/ns/projectui-open-files/2">
        <group>
            <file>file:/C:/Users/ifedorts/Documents/NetBeansProjects/tree_animation/tree/src/tree_animation/Animator.java</file>
            <file>file:/C:/Users/ifedorts/Documents/NetBeansProjects/tree_animation/tree/src/tree_animation/Flower.java</file>
            <file>file:/C:/Users/ifedorts/Documents/NetBeansProjects/tree_animation/tree/src/tree_animation/Blade.java</file>
            <file>file:/C:/Users/ifedorts/Documents/NetBeansProjects/tree_animation/tree/src/tree_animation/TreeGenerator.java</file>
            <file>file:/C:/Users/ifedorts/Documents/NetBeansProjects/tree_animation/tree/src/tree_animation/Branch.java</file>
            <file>file:/C:/Users/ifedorts/Documents/NetBeansProjects/tree_animation/tree/src/tree_animation/GrassGenerator.java</file>
            <file>file:/C:/Users/ifedorts/Documents/NetBeansProjects/tree_animation/tree/src/tree_animation/GrassWindAnimation.java</file>
            <file>file:/C:/Users/ifedorts/Documents/NetBeansProjects/tree_animation/tree/src/tree_animation/Leaf.java</file>
            <file>file:/C:/Users/ifedorts/Documents/NetBeansProjects/tree_animation/tree/src/tree_animation/Main.java</file>
            <file>file:/C:/Users/ifedorts/Documents/NetBeansProjects/tree_animation/tree/src/tree_animation/RandomUtil.java</file>
            <file>file:/C:/Users/ifedorts/Documents/NetBeansProjects/tree_animation/tree/src/tree_animation/Tree.java</file>
            <file>file:/C:/Users/ifedorts/Documents/NetBeansProjects/tree_animation/tree/src/tree_animation/Util.java</file>
        </group>
    </open-files>
</project-private>
